"cluster","lat","lon","wealthscore","n"
1,14.60553,120.9485,-38020.1666666667,6
2,14.61274,120.9667,64852.6,10
3,14.62319,120.98334,88021.7647058823,17
4,14.56937,120.96649,88534.4545454545,11
5,14.61894,120.98332,41257.1428571429,14
6,14.61215,120.98187,120196.933333333,15
7,14.5936,121.00044,128109.047619048,21
8,14.63496,120.99519,39589.25,4
9,14.61121,120.99558,156341.583333333,12
10,14.61209,120.97607,133432.6875,16
11,14.56748,120.97882,68201.3333333333,3
12,14.56274,120.98432,105532.3,10
13,14.58097,120.99556,75657.6470588235,17
14,14.59367,120.96966,10827.6666666667,3
15,14.59441,121.01443,131588.153846154,13
16,14.60249,121.01061,101787.733333333,15
17,14.67464,121.01179,108719.5,2
18,14.65476,121.0281,68999.5789473684,19
19,14.65199,121.02682,119717.272727273,11
20,14.65057,121.04287,75902.6666666667,3
21,14.72567,121.08706,100579.833333333,6
22,14.65663,121.05397,73195.9375,32
23,14.61414,121.01928,99592.9,10
24,14.67241,121.01215,100221.576923077,26
25,14.74359,121.08729,67395.5,4
26,14.70515,121.05572,22541.7272727273,11
27,14.67729,121.01235,117656.5,8
28,14.64589,121.0552,108403.25,4
29,14.62763,120.99343,13924.5,4
30,14.62152,120.99715,72577.7,10
31,14.67129,121.07895,47151,8
32,14.61726,121.04106,129046.666666667,3
33,14.64115,121.03619,77093.5,4
34,14.75366,121.08659,70137.4,10
35,14.677,121.04112,120731.333333333,6
36,14.64197,121.06013,67255.7,20
37,14.62614,120.99542,184923.666666667,3
38,14.65851,121.02456,83016.75,4
39,14.62277,121.07079,123515.333333333,6
40,14.74083,121.05521,141574.25,4
41,14.60232,120.99986,65484,3
42,14.61933,121.05137,175019,1
43,14.69382,121.04254,168764.518518519,27
44,14.66992,121.0694,86351.7222222222,18
45,14.66544,121.04419,139761.5,8
46,14.6273,121.044,94120.8333333333,6
47,14.61504,121.0708,169406,6
48,14.69402,121.10876,94525,3
49,14.68295,121.09629,62333.5,26
50,14.73692,121.055,107764.166666667,6
51,14.60188,121.01017,94461.8235294118,17
52,14.58355,121.06214,105027.4,5
53,14.57113,121.02902,55548.6666666667,3
54,14.64195,121.09971,102444,3
55,14.68454,121.09379,139829.125,8
56,14.63649,121.08524,88520.6666666667,15
57,14.6651,121.10496,136505.7,10
58,14.6175,121.09417,147984.066666667,15
59,14.59457,121.07281,158626,4
60,14.57381,121.08074,121231.5,4
61,14.64573,121.10696,140687.785714286,14
62,14.61218,121.09809,110518.636363636,11
63,14.56735,121.10447,83045.75,4
64,14.59702,121.05646,137521.5,2
65,14.55997,121.09547,67790.4,5
66,14.56181,121.06862,96521.2,5
67,14.59289,121.08562,99392,9
68,14.62594,121.03336,109633.4,10
69,14.64003,120.97794,55611,6
70,14.64335,120.97526,43730.4666666667,15
71,14.62154,120.97184,58301.4545454545,11
72,14.6553,120.96929,-34666.3333333333,3
73,14.66069,120.98909,94640.625,8
74,14.70208,121.01007,100515.181818182,11
75,14.65237,121.00179,75020.5,4
76,14.65532,121.02416,104685.875,16
77,14.70894,121.02474,94388.5,2
78,14.72439,121.02539,185833,3
79,14.73901,121.05761,166636,2
80,14.78884,121.06354,74506.2857142857,7
81,14.79044,121.05942,60688.75,4
82,0,0,57856.5238095238,56
83,14.72521,121.08611,54885.0833333333,24
84,14.73586,121.11887,49428.2,5
85,14.77952,121.06584,61623,4
86,14.80782,121.08137,63516.8260869565,23
87,14.65373,120.9593,139041.5,2
88,14.6913,120.94861,82335,11
89,14.68305,120.98413,38514.1428571429,14
90,14.65874,120.97041,118766.5,6
91,14.65235,120.96995,101446,2
92,14.67283,120.95413,13712.1666666667,6
93,14.66077,120.96222,40216,3
94,14.65061,120.94896,80739.8571428571,7
95,14.6915,120.9418,-7703,3
96,14.70251,121.01695,36332,3
97,14.66453,120.9859,99932.4,10
98,14.69033,120.96286,108271.833333333,6
99,14.68329,121.00767,137414.761904762,21
100,14.73905,120.96884,81726.25,8
101,14.66473,120.96973,44416.5,2
102,14.68449,121.02024,56192.4166666667,12
103,14.70739,120.98988,97874.7142857143,7
104,14.71991,120.97782,95730.1666666667,6
105,14.59187,121.04911,80468.5,6
106,14.55938,121.05863,99098.25,4
107,14.5722,121.05417,119544.333333333,3
108,14.55401,121.01642,134132.5,6
109,14.57088,121.02135,106573.8,5
110,14.53757,121.02602,156840.666666667,6
111,14.57387,121.01077,97613.5,10
112,14.54704,121.05339,87977.3333333333,3
113,14.52392,121.06427,84172,3
114,14.53668,121.05653,52000.2,5
115,14.59062,121.06742,125742.666666667,3
116,14.48802,121.04687,46891.4,10
117,14.48498,121.06543,72532.1739130435,23
118,14.54843,121.07866,117317.8,15
119,14.52567,121.05108,86296.9375,16
120,14.44745,120.96947,90787.4,5
121,14.41442,120.97719,128796.5,2
122,14.43337,121.01641,69890.6,5
123,14.45454,120.9879,121569.727272727,11
124,14.464,120.97978,122829.777777778,9
125,14.48092,121.00532,66216.8333333333,6
126,14.4485,121.01436,57315.8888888889,9
127,14.42233,120.97509,83139.5555555556,18
128,14.41878,121.04026,21168.16,25
129,14.47137,121.03054,123456.8,15
130,14.43272,121.04628,84537.2142857143,14
131,14.35449,121.02109,141156,8
132,14.49362,120.99657,82377.1428571429,7
133,14.52779,120.98026,70709.8,5
134,14.47988,121.01178,100586.136363636,22
135,14.48988,120.99028,170557.625,8
136,14.48977,121.01402,47334.6428571429,28
137,14.52698,120.99332,78202.5,16
138,14.5678,120.99652,61849.5333333333,15
139,14.55647,121.01144,61665.1333333333,30
140,14.53077,121.01169,88903,3
141,17.64753,120.62058,9716.09523809524,21
142,17.36986,120.69335,9664.94444444445,18
143,17.54553,120.60845,15722.65,20
144,17.26594,120.64291,-22246.2608695652,23
145,16.60712,120.74272,48442.55,20
146,16.36272,120.61374,84106.3043478261,23
147,16.42176,120.60013,41510.347826087,23
148,16.42718,120.61527,126010.7,10
149,16.41352,120.61289,30454.6666666667,9
150,16.4351,120.6101,130431.333333333,18
151,16.39477,120.57807,102151.88,25
152,16.65906,120.8091,6534.35714285714,14
153,16.81509,120.81304,24383.2608695652,23
154,16.20812,120.64392,53546.6666666667,9
155,16.60425,120.63186,-37448.3333333333,18
156,16.45335,120.59481,62893.9285714286,14
157,16.91826,120.82564,13096.5357142857,28
158,16.86756,120.77271,62297.7142857143,21
159,16.29035,120.62326,45725.3333333333,3
160,16.79717,121.12579,84152.7894736842,19
161,16.99296,121.53039,-81236.84,25
162,16.78775,120.94894,-96870.1764705882,17
163,17.54975,121.50539,-41577.1176470588,17
164,17.45315,121.44234,-47992.5714285714,21
165,17.19899,121.12254,-91688.2,15
166,17.03562,120.8736,-22982.8571428571,14
167,16.92545,120.85009,-31535.875,16
168,16.84546,120.90008,13349.2631578947,19
169,18.32617,120.9887,-90770,12
170,18.28032,121.36163,-2063.52941176471,17
171,18.00386,120.7332,16652.8823529412,17
172,18.23524,120.5961,107886,16
173,18.61074,120.8387,-11707.9,20
174,18.11413,120.45761,-20556.9333333333,15
175,18.29821,120.6331,31117.1764705882,17
176,17.58017,120.35415,98164.85,20
177,17.40379,120.52174,-14806.3157894737,19
178,17.74036,120.4666,79401.7368421053,19
179,16.87103,120.39168,49228.15,20
180,17.87758,120.437,1292.57894736842,19
181,16.72125,120.33962,67762.0555555556,18
182,16.87823,120.49776,37476.2941176471,17
183,16.88747,120.39454,-4092.8,20
184,16.52242,120.38251,12249.5882352941,17
185,16.63076,120.3225,42930.7,20
186,16.31781,120.44073,-29633.6923076923,13
187,16.01501,120.63801,-3262.17647058824,17
188,15.99645,120.73265,6106.75,20
189,15.81793,120.48898,57550.7647058823,17
190,16.03597,120.59397,34020.1818181818,11
191,16.03676,120.282,-4317.70588235294,17
192,15.83488,120.19465,-65830.5,18
193,15.96938,120.3341,53527.96,25
194,16.01355,120.38584,32544.0625,16
195,15.94126,119.98688,-4469.33333333333,15
196,16.03097,120.47357,12343.95,20
197,16.0376,120.40391,21812.9032258065,31
198,16.03797,120.46669,17717.8,20
199,15.8793,120.65879,3351.19047619048,21
200,15.95179,120.31829,-25754.1428571429,21
201,15.97724,120.33461,2525.16666666667,18
202,16.06527,120.66575,8506.78947368421,19
203,16.00419,120.40321,45770.7894736842,19
204,15.88937,120.65025,-2391,17
205,16.0609,120.72923,63557.3,20
206,15.82389,120.38868,-52101.1052631579,19
207,15.82761,120.53431,14979.375,16
208,20.73406,121.84371,-2864.29411764706,17
209,17.92225,121.70908,-19407.9411764706,17
210,17.89197,121.6535,-1706.88888888889,18
211,17.82948,121.66753,-92038.4166666667,12
212,18.21202,121.56453,73687.1176470588,17
213,17.99195,121.81584,-140095.136363636,22
214,18.50411,121.11079,32866.8666666667,15
215,18.56182,121.21553,97573.2777777778,18
216,17.89625,121.57631,-32281.1176470588,17
217,17.6191,121.57235,-68157.5294117647,17
218,17.57715,121.71197,82189.5555555556,18
219,17.46767,121.75955,49237.7857142857,14
220,16.8356,121.75131,-29788.8888888889,18
221,16.98811,121.9542,4761,19
222,16.92211,121.82409,-48102.5263157895,19
223,16.65451,121.46941,17118.6842105263,19
224,17.13425,121.87689,70103.6470588235,17
225,16.56494,121.78619,17377.4375,16
226,17.16798,121.60901,13487.5384615385,13
227,17.17055,121.57835,-13776.619047619,21
228,17.28229,121.60655,10546.4,15
229,17.02904,121.63783,-22192.7647058824,17
230,16.57865,121.77931,23953.5882352941,17
231,16.98086,121.57991,11397.6842105263,19
232,17.05484,121.66474,31610.8421052632,19
233,16.88276,121.60834,34116.4444444444,18
234,16.60526,121.57851,59938.6923076923,13
235,16.6724,121.23673,18488.4,20
236,16.46061,121.16245,-3603.31818181818,22
237,16.40834,121.08963,74946.2142857143,14
238,16.46068,121.29338,-36807.5909090909,22
239,16.50027,121.50616,987.785714285714,14
240,16.3117,121.55021,-55236.4375,16
241,14.70485,120.50195,42914.1578947368,19
242,14.92108,120.49771,67642.6666666667,18
243,14.84794,120.49022,30468,17
244,14.64847,120.26706,57544.5,20
245,14.93907,120.9014,81676.375,16
246,14.73898,120.96189,37407.1111111111,27
247,14.7115,120.89516,90308.9411764706,17
248,14.86303,120.80921,84220.3076923077,13
249,14.8123,120.86546,120430.238095238,21
250,14.83471,120.88069,119740.9375,16
251,14.77176,120.96341,99823.5714285714,28
252,14.74102,121.05792,7152.82608695652,23
253,14.72704,120.98387,71073.3157894737,19
254,14.73306,121.03913,26870.9166666667,24
255,14.89114,120.96107,42636.1428571429,21
256,14.95389,120.83233,30893.4545454545,22
257,14.79869,121.06105,81430.875,16
258,14.80472,121.09045,76126.1333333333,15
259,15.25078,121.04658,31899.5,14
260,15.23624,120.98635,33519.2777777778,18
261,15.476,120.81823,22996,17
262,15.98285,121.02746,-53404.6470588235,17
263,15.799,120.69853,17885.1304347826,23
264,15.50021,121.33106,-3998.94736842105,19
265,15.21988,120.94176,69436.5555555556,18
266,15.31071,121.02583,38600.9444444444,18
267,15.43644,120.84539,11156.7368421053,19
268,15.42843,120.7348,-19931.2666666667,15
269,15.49195,121.09895,77834.5625,16
270,15.30994,121.02678,34703.5,20
271,15.28976,120.87059,47923.3333333333,21
272,15.76591,120.96261,55134.2941176471,17
273,15.17246,120.61813,85457.25,4
274,15.13794,120.61005,82948.1818181818,11
275,15.1262,120.6016,91854.6470588235,17
276,14.96241,120.78865,70739.8181818182,11
277,15.01576,120.45607,68892.2941176471,17
278,14.86935,120.54497,40674.6666666667,9
279,15.22064,120.60118,68382.6666666667,6
280,15.19849,120.57161,77098.9,10
281,15.22696,120.5948,113070.5,14
282,14.96404,120.70783,98369.2142857143,14
283,15.2902,120.71881,11455.4761904762,21
284,15.03141,120.69631,66754.1333333333,15
285,15.01916,120.77192,18033.2222222222,9
286,15.01007,120.75953,62173.3636363636,22
287,15.33581,120.55864,34141.5,6
288,15.33862,120.63834,21018.9166666667,24
289,15.69461,120.64307,-14843.4666666667,15
290,15.71406,120.5286,-53364.25,20
291,15.62398,120.65999,21923.9285714286,14
292,15.75859,120.61253,20487.8888888889,18
293,15.52188,120.68714,40890.5172413793,29
294,15.50493,120.60156,60684.55,20
295,14.84686,120.27088,60005.8333333333,18
296,15.07835,120.0953,23317.5625,16
297,15.7726,119.9306,41428,19
298,15.72296,120.05385,-53155.7058823529,17
299,15.18757,120.02725,-51905.5,20
300,13.90188,120.91391,44354,21
301,13.79796,120.99906,93206.2352941177,17
302,14.01278,120.92574,31441.9545454545,22
303,13.91101,121.14152,74637.2666666667,15
304,14.01402,121.16131,86462.2777777778,18
305,13.89025,121.09306,75725.5294117647,17
306,13.71906,121.40785,9724.28571428571,14
307,13.81403,121.04781,41868.1176470588,17
308,13.96839,120.97886,61074.9333333333,15
309,14.13982,121.1205,70216.4615384615,26
310,14.17613,121.15051,53183.0869565217,23
311,14.0918,120.96319,56784.1739130435,23
312,13.59676,120.91637,-25606.6153846154,13
313,14.36773,120.99082,160529.8,5
314,14.41616,121.00467,150339,5
315,14.4761,120.94654,47590.7,30
316,14.50398,120.96075,39095,5
317,14.31169,120.94663,96982.5263157895,19
318,14.33016,120.96332,96152.5454545455,11
319,14.30009,120.97867,102240.95,20
320,14.26604,120.90782,80751.4,20
321,14.28954,120.92211,92903.6666666667,12
322,14.41253,120.89361,98796.6363636364,11
323,14.39609,120.93387,140072.4,15
324,14.48178,120.89789,96468.5789473684,19
325,14.21833,120.77942,41126.4705882353,17
326,14.4181,120.86885,57156.4375,16
327,14.4269,120.84395,41020.2941176471,17
328,14.27559,121.01144,58508.8823529412,17
329,14.20861,120.94619,88659.6,20
330,14.06909,121.2622,98789.1818181818,11
331,14.34258,121.09082,10994.2222222222,9
332,14.30368,121.05175,128058.043478261,23
333,14.16688,121.06956,32408.3076923077,13
334,14.15121,121.15485,57058,12
335,14.2073,121.09894,90023.7692307692,26
336,14.19733,121.15787,43213.8125,16
337,14.28146,121.50481,1714.5,18
338,14.12771,121.39016,93358.0714285714,14
339,14.12244,121.42546,35938.0666666667,15
340,14.35699,121.45608,53795.2142857143,14
341,14.08333,121.30803,100154.533333333,15
342,14.08017,121.31791,62901.75,20
343,14.07058,121.28184,59378.0666666667,15
344,14.36996,121.04881,150343.75,28
345,14.28178,121.09506,93915.4516129032,31
346,13.55469,122.25359,-35508.8571428571,21
347,14.71875,121.49312,-63997.8,20
348,14.0571,122.42021,8689.05555555555,18
349,14.10276,121.51306,101841.266666667,15
350,13.90377,121.59783,95707,4
351,14.05489,121.77847,-10988.8571428571,21
353,13.88274,121.45813,31724.8888888889,18
354,13.92314,121.56146,25060.7777777778,18
355,14.07048,122.39106,-119102.571428571,14
356,13.98415,121.2974,34365.3333333333,18
357,14.56581,121.14226,100436.533333333,15
358,14.67604,121.18632,-88051.7777777778,9
359,14.62126,121.15226,110084.7,10
360,14.58338,121.24229,-59527.8333333333,6
361,14.61073,121.14272,78737.875,8
362,14.58407,121.20717,65281.25,8
363,14.72676,121.25644,-17452.1904761905,21
364,14.56297,121.17838,106444.666666667,3
365,14.34168,121.22144,19515.2,10
366,14.59696,121.11008,71402.4,5
367,14.59128,121.13645,159494.636363636,11
368,14.76145,121.24367,35900.75,8
369,14.54373,121.24483,90211.5,6
370,14.35659,121.34019,67078,10
371,14.39615,121.3543,65279.1538461538,26
372,14.69499,121.11697,65634.1666666667,24
373,14.59467,121.15673,83209.75,12
374,14.55731,121.11335,67758.5714285714,14
375,13.39112,121.86518,-26651.5263157895,19
376,13.28483,121.88965,-39780.6,20
377,13.55294,121.84563,9541.33333333333,15
378,12.30899,121.17431,51403.5,10
379,13.47467,120.47811,-75584.4210526316,19
380,13.29517,120.57182,-123449.764705882,17
381,12.44091,121.05301,-82118.2222222222,18
382,13.22987,120.81695,-5644,2
383,13.42215,121.20392,42599.3684210526,19
384,12.51045,121.33759,-32590.9411764706,17
385,13.08986,121.08556,-18161.9523809524,21
386,13.2518,121.1178,-48500.7647058823,17
387,12.9791,121.40982,-31449.65,20
388,13.04874,121.44188,40778.6,10
389,13.06042,121.49342,-3662.68421052632,19
390,13.52924,121.00806,-33861.4736842105,19
391,13.15603,121.19478,-34808.1,20
392,8.57635,117.47874,-142439.235294118,17
393,8.85753,117.8288,-159657.814814815,27
394,9.06945,118.12936,-160505.772727273,22
395,9.2907,118.44152,9625.75,16
396,9.71319,118.72619,14526.75,16
397,9.75969,118.73983,-14383.7407407407,27
398,10.33528,119.30807,-6943.56,25
399,10.54016,119.33102,-30686.2,20
400,10.7367,119.48738,-58910.2857142857,14
401,10.67319,119.50301,-96741.4117647059,17
402,8.53181,117.33417,-168031.388888889,18
403,12.38041,122.62518,-42086.3529411765,17
404,12.49814,122.08905,-62678.75,12
405,12.47702,122.35832,-120396.6,15
406,12.23168,121.99435,-102755.85,20
407,13.19069,123.59964,-13443.6842105263,19
408,13.15014,123.70336,86099.8421052632,19
409,13.08086,123.77401,-58356.8888888889,18
410,13.13891,123.75735,135097.125,16
411,13.15386,123.3648,-38928.2352941177,17
412,13.09638,123.37969,-93296.8888888889,18
413,13.38752,123.44663,32949.6,20
414,13.26646,123.75221,-15200.8695652174,23
415,13.355,123.71538,20741,17
416,14.03748,122.91543,-56774.7142857143,21
417,14.10474,122.96385,30384.2222222222,27
418,14.03627,122.35048,-42497.7894736842,19
419,14.24394,122.90876,73031.1,20
420,13.5263,123.4014,-125921.833333333,18
421,13.64823,123.16451,20215.9411764706,17
422,13.62142,123.1564,73392.8421052632,19
423,13.69642,123.12078,-67964.5,14
424,13.56872,122.99133,18845.8,20
425,13.66188,123.00133,-17980.2352941176,17
426,13.68722,123.04834,31124.55,20
427,13.60437,123.21882,-21572.6315789474,19
428,13.63617,123.21304,63711.4074074074,27
429,13.57757,122.9367,-134617.866666667,15
430,13.48907,123.2701,-19381.4761904762,21
431,13.80113,122.97232,-112598,17
432,13.96425,124.18041,-94043.6875,16
433,14.02976,124.15077,-39156.4666666667,15
434,11.85106,123.21088,-82128.2941176471,17
435,11.82612,123.11964,-43731.8125,16
436,12.2574,123.55362,-80639.25,20
437,12.56648,123.6219,-128014.333333333,18
438,12.18057,123.68686,-156337.222222222,18
439,12.32569,123.81467,-107734.947368421,19
440,12.68824,123.94597,-122774.882352941,17
441,12.66566,124.15675,-4785.11111111111,18
442,12.93715,123.79749,-46608.5238095238,21
443,12.62153,124.10033,-50048.5789473684,19
444,12.96625,124.02346,54339.6071428571,28
445,12.96967,124.00869,17193.4705882353,17
446,11.60764,122.50175,-59341.7083333333,24
447,11.66216,122.36846,19545.4827586207,29
448,11.68081,122.49152,5523.80952380952,21
449,10.4617,121.88762,-24331.5833333333,24
450,11.48722,122.06735,-101486.818181818,22
451,11.03246,122.10188,-113074.210526316,19
452,11.34412,122.65185,-30052.6666666667,18
453,11.46553,122.55261,-60067.5882352941,17
454,11.4345,122.74149,-50696.4117647059,17
455,11.62657,122.7236,928.875,16
456,11.63584,122.73771,57094.4230769231,26
457,11.19979,123.11444,-83166.4736842105,19
458,10.9191,122.7097,43912.0434782609,23
459,11.22919,123.17893,-115975.666666667,24
460,11.43006,123.12417,-20895.375,16
461,10.66516,122.22794,-45664.4444444444,18
462,10.70574,122.55384,76294.0434782609,23
463,10.76331,122.59064,-2647.41666666667,24
464,10.73162,122.55764,60655.5625,16
465,10.94102,122.46673,-34903.8695652174,23
466,10.77553,122.41485,-23315.8636363636,22
467,10.96082,122.4033,-64583.0434782609,23
468,10.74545,122.52757,63234.3125,32
469,10.9162,122.6988,-12139.3333333333,21
470,11.08171,122.83936,-46408.3333333333,18
471,10.7057,122.968,-32104,3
472,10.6807,122.99234,64708.6666666667,15
473,10.65487,122.97781,12402.8,25
474,10.65015,122.96099,73413.5,8
475,10.6795,122.97557,48366.7777777778,9
476,10.64119,122.98732,75753.7142857143,7
477,10.9811,123.30767,20265.5882352941,17
478,10.86988,123.19976,-57060.5,20
479,10.87508,123.31023,-89626.8,20
480,10.71916,123.38138,-63309.2272727273,22
481,9.91639,122.94893,-108887.25,12
482,10.09351,122.91092,-81075.5454545455,11
483,10.30467,122.81724,1743.45,20
484,9.79977,122.79668,-70489.0833333333,12
485,10.47144,123.0294,-1800.88235294118,17
486,10.37047,122.99919,38145.0833333333,24
487,10.62783,123.01525,2671.76,25
488,10.74915,123.51316,-88854,14
489,10.87101,123.35353,-72075.5,22
490,10.45335,123.29449,-140222.55,20
491,9.76919,122.56296,-170667.142857143,7
492,10.70278,122.96651,38968.2352941177,17
493,10.69772,122.61248,20507.1363636364,22
494,9.92067,124.03716,3237.61904761905,21
495,9.61162,123.76877,26393.4782608696,23
496,9.6756,124.38346,-32775.2,20
497,10.08444,124.06993,-45690.1875,16
498,9.62933,123.99944,24971.7368421053,19
499,9.93606,124.51946,-89413.4,20
500,9.66832,123.85025,50712.7777777778,9
501,10.24361,124.3662,-41300.3529411765,17
502,9.9261,123.44051,-57259.1111111111,18
503,9.8975,123.60884,15093.1904761905,21
504,10.54877,123.7544,-39446.2222222222,18
505,10.44865,123.80261,-50467.7058823529,17
506,11.06394,123.95643,-32742.8947368421,19
507,10.12615,123.62202,-50972.9473684211,19
508,10.09843,123.61399,72600.4285714286,7
509,10.2905,123.83952,99210.4,20
510,10.35318,123.86586,110215.428571429,7
511,10.27166,123.85308,51126.8,15
512,10.35355,123.89519,72070,13
513,10.28265,123.88961,44365.3333333333,3
514,10.2825,123.87043,121365.923076923,13
515,10.29927,123.88339,107864,12
516,10.3712,123.96948,45388.1923076923,26
517,10.48823,123.95381,-6617.84615384615,26
518,10.27805,123.93541,89479.4444444444,9
519,10.26649,123.9899,22689.2222222222,18
520,10.29272,123.98441,7596.71428571429,28
521,10.31985,124.02973,6111.76923076923,13
522,10.39017,123.94178,24365.625,24
523,10.36419,123.95079,-6256.47368421053,19
524,10.222,123.69089,-7131.47368421053,19
525,10.94603,123.92636,-12922.7647058824,17
526,10.91456,123.92296,-75939.9411764706,17
527,10.23394,123.8405,49826.48,25
528,10.22062,123.81491,57774.08,25
529,10.32575,123.66678,-26030.1666666667,12
530,9.53661,123.06619,-9132.41935483871,31
531,9.77422,122.80033,-142162.571428571,14
532,9.31026,123.22884,18415.1904761905,21
533,10.02533,123.20041,-139725.888888889,18
534,9.7639,122.98808,-116183.5,20
535,9.12509,123.02524,-144001,23
536,9.35201,123.10246,-55998,17
537,9.52193,123.1113,27838.619047619,21
538,9.18252,123.08737,-119970.666666667,12
539,9.12683,123.64614,-91628.7272727273,11
540,12.05312,125.29951,-109868.1875,16
541,11.91639,125.46732,-141395.533333333,15
542,10.90187,125.80439,-16998.2631578947,19
543,11.8346,125.49505,62543.8823529412,17
544,10.39303,124.82393,-49609.0526315789,19
545,10.79457,124.8342,-34530.4761904762,21
546,11.22829,124.63859,-81956,17
547,10.30007,124.74182,-22350.619047619,21
548,11.16492,124.77125,-12290.5625,16
549,10.69977,124.96392,-52003.8421052632,19
550,10.89585,124.97889,-89883.0555555556,18
551,11.27906,124.50881,-99650.2,10
552,10.72256,124.94313,-21443.8947368421,19
553,11.16596,124.6703,-33348,14
554,11.05215,124.53321,-29814.2352941176,17
555,10.94838,124.41852,-62376.3157894737,19
556,11.0529,124.39208,-20960.0384615385,26
557,11.21949,124.98186,-14571.2380952381,21
558,11.13808,124.41893,-113364.294117647,17
559,11.20956,124.3815,-42028.1739130435,23
560,12.51715,124.64416,-16029.6842105263,19
561,12.33908,125.03606,58827.9411764706,17
562,12.34307,125.00636,-117260.533333333,15
563,12.52769,124.4142,-50218.9130434783,23
564,12.0669,124.60172,99556.3684210526,19
565,12.04228,124.60154,-26205.9047619048,21
566,12.21354,124.46822,-91234.3846153846,13
567,11.65799,124.76927,-75898.8888888889,18
568,11.85264,125.00092,-10726.75,24
569,11.88877,125.03266,-87304.7333333333,15
570,10.4285,124.94681,-94602.1176470588,17
571,10.42186,125.13589,13149.1739130435,23
572,9.94322,125.28618,-34946.9,20
573,11.62417,124.38969,61149.3076923077,13
574,11.55099,124.39369,70602.5,8
575,8.59184,123.35838,15214.2307692308,13
576,8.57345,123.34973,17236.71875,32
577,8.10967,122.66637,-26482.625,16
578,8.12017,122.6439,-48214.4666666667,15
579,8.43244,123.19006,-146006.714285714,14
580,8.21495,123.42385,-129382.615384615,13
581,7.30247,122.0354,-46347.0588235294,17
582,8.20093,122.95306,-86956.2666666667,15
583,8.28201,122.99752,-108958.384615385,13
584,7.56144,122.07918,-151720.583333333,24
585,7.95559,123.57235,18315,24
586,8.14843,123.32226,-49723.4285714286,14
587,7.77815,123.50394,-30328.6428571429,14
588,7.97101,123.32254,-67193.75,12
589,8.21459,123.5055,-123776.8125,16
590,7.90215,123.32071,-149459.2,15
591,7.5243,123.44708,-101032.3,10
592,7.92404,123.48811,-49523.375,16
593,7.92839,123.5753,-9459.71428571429,7
594,6.90608,122.06535,31135.0833333333,12
595,7.21395,122.17455,-48978.85,20
596,6.92789,122.09124,54972.7,20
597,7.00823,122.19236,10199.5,18
598,6.94601,122.07276,101314.466666667,15
599,6.90063,122.03508,75507.347826087,23
600,6.94476,121.94762,27013.25,8
601,6.95138,122.05413,40981.25,8
602,6.91349,122.07805,50117.7058823529,17
603,6.91893,122.10973,89266.3636363636,11
604,6.9368,122.08015,48277.2857142857,14
605,6.91053,122.07618,35446.125,8
606,7.89743,123.40126,-155932.636363636,11
607,7.43955,122.82491,-169597.333333333,18
608,7.96166,123.07921,-84595.04,25
609,0,0,49748.2,56
610,7.60317,123.31913,-126362.733333333,15
611,7.6907,123.04088,-96157.5625,16
612,6.66082,122.05213,-41035.6153846154,13
613,8.18991,124.79183,-83887.0666666667,15
614,7.69396,124.8867,-76484.1875,16
615,7.64608,124.90533,-59531.6923076923,13
616,8.30214,124.74419,50600.3571428571,14
617,8.18922,125.01753,-32223.3157894737,19
618,7.83537,124.941,3213.28571428571,7
619,7.77603,125.01933,-52024.25,16
620,8.09921,124.82201,-138728,27
621,8.00332,124.64683,-122518.8,10
622,7.88676,125.08221,-21028.3461538462,26
623,9.24489,124.71866,714.625,16
624,8.11564,124.06695,-23724.5789473684,19
625,8.0762,124.21308,-2423.71428571429,21
626,8.01528,123.78489,-67658.5454545455,22
627,8.19996,124.2492,130520.076923077,13
628,8.10813,124.28222,-83806.8666666667,15
629,8.17814,124.2569,120218.111111111,9
630,8.35358,124.30484,-93113,3
631,7.8283,123.82637,-80200.6875,16
632,8.31424,123.78958,-21660.7826086957,23
633,8.14017,123.81466,20256.6842105263,19
634,8.58082,123.72036,13808.0952380952,21
635,8.40606,123.85834,-52754.8928571429,28
636,8.2923,123.84582,-67240.05,20
637,8.74467,124.84516,-8624.29411764706,17
638,8.48565,124.76268,58855.7777777778,18
639,8.4357,124.62454,105418.785714286,14
640,8.47213,124.66098,39418.5,4
641,8.48939,124.5821,104030.736842105,19
642,8.44022,124.68528,68.2222222222222,9
643,8.47361,124.6736,52380,12
644,8.45187,124.648,15594.5,4
645,8.67663,124.94976,-68213,14
646,8.45645,124.48133,-14444.25,24
647,8.63098,124.71838,51728.6666666667,15
648,8.45715,124.30514,-67946.65,20
649,8.37332,124.34658,-25114.8823529412,17
650,8.86841,124.79178,-239.352941176471,17
651,7.8157,125.91031,-131103.7,20
652,7.54924,125.74681,-84024.7727272727,22
653,7.67185,125.71574,23427.8636363636,22
654,7.78076,125.58834,-118732.25,28
655,7.58276,125.83679,-5587.46875,32
656,7.51734,125.77095,24506.2857142857,7
657,7.43295,125.79078,36147.3846153846,13
658,6.74586,125.19254,22144.875,24
659,7.11642,125.4711,-21246.7647058824,17
660,7.03466,125.59872,72677.1363636364,22
661,7.26595,125.6365,-25592.8571428571,7
662,7.2016,125.44342,-26083.25,4
663,7.01565,125.48067,42548.0588235294,17
664,7.07664,125.57318,88018.6875,16
665,7.17879,125.57572,110666.714285714,7
666,7.2402,125.3365,-101301.04,25
667,7.0829,125.58081,87869.5,6
668,7.15561,125.62429,78806.1666666667,6
669,7.25499,125.39697,-132625.142857143,7
670,7.0647,125.55611,20894.25,4
671,7.08812,125.59989,94903.8,10
672,7.07592,125.58502,73661.8571428571,14
673,7.15573,125.63022,54517.6666666667,3
674,7.08454,125.6243,55231.0769230769,13
675,6.73149,125.25105,-86407.45,20
676,6.79481,125.17517,-5023.45,20
677,6.41216,125.54582,-50232.6842105263,19
678,6.97891,125.44769,-18098.5294117647,17
679,6.56975,125.47711,-66866.2727272727,22
680,6.20321,125.64154,-119798.75,20
681,7.78576,126.45886,-114692.416666667,24
682,6.94207,126.01531,-74689.7368421053,19
683,6.88584,126.09568,-59797.8333333333,18
684,6.98744,126.21093,63761.9,10
685,7.01189,126.15936,-142770.55,20
686,7.36169,126.00122,-54985.0714285714,14
687,7.78075,126.05547,-104595.047619048,21
688,7.88886,126.15093,-16839.25,12
689,7.48388,126.0414,-63778.0833333333,24
690,7.52032,126.06974,-71979.35,20
691,7.21747,125.92467,-76772.1176470588,17
692,7.46346,124.82058,-164722.666666667,3
693,7.12268,124.77651,-54859.1333333333,30
694,7.03024,125.07415,35595.8333333333,12
695,6.94565,125.07743,-29032.1875,16
696,7.11051,125.01993,-56922.6842105263,19
697,7.19398,124.51799,-20809.0526315789,19
698,7.17433,124.56645,-32975.875,24
699,6.91252,124.88172,-91241.7037037037,27
700,7.18376,124.48496,-78545,4
701,7.12312,124.71337,-111865.263157895,19
702,6.82228,124.9104,-37533.5,2
703,6.28399,124.79326,-40313.7142857143,21
704,6.07697,125.16837,31464.0526315789,19
705,6.14397,125.1526,-37611.125,8
706,6.23919,125.23216,-35111.0833333333,12
707,6.06851,125.11916,-28832.7272727273,11
708,6.07922,125.14261,96694.8888888889,9
709,6.09712,125.15786,56395.2857142857,7
710,6.47896,124.86931,83146.6666666667,3
711,6.36536,124.81525,-22360.05,20
712,6.27971,125.0643,27408.9166666667,24
713,6.25683,125.06884,57210.5555555556,9
714,6.40503,124.90875,22496.5555555556,9
715,6.12072,124.82806,-86230.5714285714,21
716,6.46725,124.72085,-36499.3333333333,15
717,6.24609,124.79491,-144909.647058824,17
718,6.53742,124.59681,-49416.95,20
719,6.68407,124.58865,-16690.5714285714,14
720,6.63353,124.08058,-110285.3125,16
721,6.22634,124.25955,-58359.625,16
722,6.53372,124.36173,-129517,17
723,6.43173,124.30634,-39398.92,25
724,6.08391,125.27834,-61475.5714285714,7
725,5.6702,125.32403,-128462.36,25
726,5.79045,125.20022,-65735.5833333333,24
727,5.93731,124.85713,-84447.9166666667,24
728,5.97909,125.38336,-143809.631578947,19
729,7.23552,124.24609,67011.0714285714,14
730,7.17419,124.25042,-37610,5
731,6.80063,122.09604,-43619.76,25
732,6.55891,122.02937,-104009.684210526,19
733,7.94955,124.09836,-81002.2941176471,17
734,7.91809,124.18731,-26979.0555555556,18
735,7.75844,124.11558,-93969.8095238095,21
736,7.66871,124.07871,30986.1428571429,28
737,0,0,-40266.8,56
738,7.99929,124.23648,-58474.6111111111,18
739,7.7809,124.44528,-11475.5294117647,17
740,7.66946,124.29763,-105544.5,14
741,6.7423,124.80954,-41157.4166666667,12
742,6.82973,124.47226,36292.6666666667,15
743,7.47486,124.26023,-105082.461538462,13
744,7.30522,124.34071,-146646.689655172,29
745,7.33214,124.28206,-6003,5
746,7.29885,124.30533,-29153,8
748,6.99484,124.34672,-132897.444444444,18
749,6.91211,124.36637,-122780.176470588,17
750,6.87884,124.12642,-177529.857142857,14
751,7.05831,124.75205,-72450.7777777778,18
752,5.9709,121.28035,-188905.578947368,19
753,6.22839,120.94352,-122584.083333333,24
754,6.02153,121.28987,-170158.333333333,12
755,5.87916,121.24383,-132756.333333333,3
756,5.61143,120.95883,-148511.785714286,14
757,5.57043,120.85125,-174482.181818182,11
758,5.9563,121.11766,-165930.0625,16
759,5.1146,119.843,-178696.08,25
760,5.03528,119.74863,-15415.52,25
761,4.69969,119.42211,-74356.3076923077,13
762,5.31803,120.35203,-151896.272727273,11
763,8.92787,125.52665,13145.8888888889,18
764,8.99035,125.51124,55360.0625,16
765,8.94491,125.49335,40899.6666666667,9
766,9.04753,125.64137,-40022.4736842105,19
767,9.03639,125.64901,-43951.875,16
768,9.15432,125.65044,-102890.8,20
769,9.0668,125.55152,37652.5882352941,17
770,9.03209,125.23538,-22498.9411764706,17
771,9.31486,125.65867,-38031.4814814815,27
772,8.71482,125.76969,19758,6
773,8.75004,125.74554,-39911.6,20
774,8.66047,125.66958,-96039.3125,16
775,8.67309,125.91411,-86903.1666666667,18
776,8.53832,125.99933,-25221.5238095238,21
777,8.47271,125.67709,-122486.818181818,22
778,8.47951,125.74135,-88234.1764705882,17
779,7.96711,126.04603,-84084.4444444444,18
780,9.92549,125.63123,703.894736842105,19
781,9.58831,125.53576,-9580.22222222222,18
782,9.48377,125.45861,-10148.5,12
783,9.67742,125.499,-15704.6923076923,13
784,9.76669,125.48345,104561.571428571,7
785,9.69803,125.66566,-84453.8,20
786,10.05517,125.59364,-42632.652173913,23
787,8.91864,126.25434,-93702.5294117647,17
788,8.25088,126.32193,-107603.066666667,15
789,8.19137,126.34753,34314.7647058823,17
790,8.22929,126.30793,-7267.33333333333,15
791,9.37462,125.93173,-30068.8666666667,15
792,9.33524,125.92401,-53728.4117647059,17
793,8.51068,126.32495,-96747,13
794,9.04833,126.18451,13884.962962963,27
